Community,Node,type,country,In-Degree,Out-Degree,Avg-Weight,Node_Count,Edge_Count,ownership,partnership,family_relationship,membership,Connected_Node_Type_company,Connected_Node_Type_organization,Connected_Node_Type_Uncategorized,Connected_Node_Type_person,Connected_Node_Type_location,Connected_Node_Type_political_organization,Connected_Node_Type_vessel,Connected_Node_Type_movement,Connected_Node_Type_event
0,√Ü¬É√Ø,Uncategorized,Unknown,2,34,0.9619292888888888,36,36,0,36,0,0,0,0,36,0,0,0,0,0,0
0,≈ì5√Ø,Uncategorized,Unknown,17,18,0.9603295148571429,36,35,0,35,0,0,0,0,35,0,0,0,0,0,0
0,p√Ø¬ø≈ì√Ø,Uncategorized,Unknown,4,33,0.9608092232432431,36,37,0,37,0,0,0,0,37,0,0,0,0,0,0
0,≈ìjO√ë,Uncategorized,Unknown,20,15,0.9628356345714286,36,35,0,32,0,3,0,0,35,0,0,0,0,0,0
0,≈ì√ü,Uncategorized,Unknown,16,19,0.9640243645714285,36,35,0,34,0,1,0,0,35,0,0,0,0,0,0
0,≈ìGu√Ø,Uncategorized,Unknown,9,26,0.9539459714285712,36,35,0,35,0,0,0,0,35,0,0,0,0,0,0
0,≈ìz√Ø,Uncategorized,Unknown,24,11,0.9635239605714284,36,35,0,34,0,1,0,0,35,0,0,0,0,0,0
0,≈ì√Ø,Uncategorized,Unknown,4,35,0.9665201543589742,36,39,0,35,0,4,0,0,39,0,0,0,0,0,0
0,≈ìV√Ø,Uncategorized,Unknown,29,6,0.9679276894285714,36,35,0,35,0,0,0,0,35,0,0,0,0,0,0
0,≈ìPm6,Uncategorized,Unknown,10,25,0.9635582671428572,36,35,0,31,0,4,0,0,35,0,0,0,0,0,0
0,≈ìDd√Ø,Uncategorized,Unknown,1,35,0.9534965302777777,36,36,0,36,0,0,0,0,36,0,0,0,0,0,0
0,√â¬Åd,Uncategorized,Unknown,18,17,0.9641814154285715,36,35,0,31,0,4,0,0,35,0,0,0,0,0,0
0,≈ìL√Ø,Uncategorized,Unknown,15,20,0.9578680974285715,36,35,0,35,0,0,0,0,35,0,0,0,0,0,0
0,≈ìnO√Ø,Uncategorized,Unknown,22,13,0.9689416837142856,36,35,0,35,0,0,0,0,35,0,0,0,0,0,0
0,≈ìF1√Ø,Uncategorized,Unknown,33,1,0.9666088382352941,35,34,0,34,0,0,0,0,34,0,0,0,0,0,0
0,≈ì√é¬í√Ø,Uncategorized,Unknown,13,22,0.962768737142857,36,35,0,35,0,0,0,0,35,0,0,0,0,0,0
0,≈ìi√Ø,Uncategorized,Unknown,7,28,0.9655763542857142,36,35,0,35,0,0,0,0,35,0,0,0,0,0,0
0,≈ìN√Ø,Uncategorized,Unknown,12,23,0.9617055397142857,36,35,0,35,0,0,0,0,35,0,0,0,0,0,0
0,≈ì√Ø¬ø≈ì√Ø,Uncategorized,Unknown,5,31,0.9668362861111112,36,36,0,36,0,0,0,0,36,0,0,0,0,0,0
0,≈ìm√ß¬Ñ¬¢k√Ø,Uncategorized,Unknown,32,3,0.9672444882857142,36,35,0,35,0,0,0,0,35,0,0,0,0,0,0
0,≈ìx,Uncategorized,Unknown,28,7,0.9494592231428571,36,35,0,35,0,0,0,0,35,0,0,0,0,0,0
0,≈ìm√ß¬Ñ¬¢k√Ø¬ø≈ìF1√Ø,Uncategorized,Unknown,33,1,0.9642854155882352,35,34,0,34,0,0,0,0,34,0,0,0,0,0,0
0,≈ìUk√Ø,Uncategorized,Unknown,30,5,0.9683918625714286,36,35,0,35,0,0,0,0,35,0,0,0,0,0,0
0,≈ìF1√Ø¬ø≈ìF,Uncategorized,Unknown,35,0,0.9661485628571429,36,35,0,35,0,0,0,0,35,0,0,0,0,0,0
0,≈ìm√Ø¬ø≈ìd√Ø,Uncategorized,Unknown,31,4,0.9706743680000003,36,35,0,33,0,2,0,0,35,0,0,0,0,0,0
0,≈ìbjNnn√Ø,Uncategorized,Unknown,14,21,0.9523476454285713,36,35,0,35,0,0,0,0,35,0,0,0,0,0,0
0,≈ìz,Uncategorized,Unknown,11,24,0.9645950131428571,36,35,0,28,0,7,0,0,35,0,0,0,0,0,0
0,≈ìMSss√Ø,Uncategorized,Unknown,27,8,0.9595815897142858,36,35,0,32,0,3,0,0,35,0,0,0,0,0,0
0,≈ìX,Uncategorized,Unknown,25,10,0.9561818474285714,36,35,0,35,0,0,0,0,35,0,0,0,0,0,0
0,L√Ø,Uncategorized,Unknown,19,16,0.9637573308571429,36,35,0,31,0,4,0,0,35,0,0,0,0,0,0
0,≈ì√í≈íip√Ø,Uncategorized,Unknown,26,9,0.9473142185714285,36,35,0,35,0,0,0,0,35,0,0,0,0,0,0
0,≈ìY,Uncategorized,Unknown,21,14,0.958635342857143,36,35,0,35,0,0,0,0,35,0,0,0,0,0,0
0,K√Ø,Uncategorized,Unknown,6,30,0.9644634825000001,36,36,0,36,0,0,0,0,36,0,0,0,0,0,0
0,q√Ø¬ø≈ì√Æ,Uncategorized,Unknown,8,27,0.9595506034285713,36,35,0,35,0,0,0,0,35,0,0,0,0,0,0
0,≈ìg√Ø,Uncategorized,Unknown,6,33,0.9657839564102565,36,39,0,39,0,0,0,0,39,0,0,0,0,0,0
0,N√Ø,Uncategorized,Unknown,23,12,0.9642387657142856,36,35,0,34,0,1,0,0,35,0,0,0,0,0,0
2,√¢¬Ä¬úconservative√¢,Uncategorized,Unknown,1,0,0.8879275,2,1,0,0,0,1,0,0,0,0,0,0,1,0,0
2,7691,organization,Unknown,15,27,0.851184445952381,36,42,5,7,8,22,7,14,6,4,4,0,4,2,1
2,Paula Allen,person,Country_271835,1,2,0.8704175900000001,4,3,0,0,2,1,0,1,2,0,0,0,0,0,0
2,holes√¢,Uncategorized,Unknown,2,0,0.8899319649999999,3,2,0,0,2,0,0,0,0,2,0,0,0,0,0
2,Christy Fields,person,Country_271835,2,0,0.8821590850000001,3,2,1,0,1,0,0,1,1,0,0,0,0,0,0
2,2028,movement,Unknown,7,10,0.8618551547058824,17,17,3,2,9,3,0,7,5,1,4,0,0,0,0
2,2114,organization,Unknown,0,2,0.83435672,3,2,0,0,2,0,0,1,0,1,0,0,0,0,0
2,558,organization,Unknown,6,1,0.8793249271428571,8,7,1,0,0,6,1,3,0,2,1,0,0,0,0
2,SeaSelect Foods Corp Dry dock,company,Country_271835,1,1,0.83688215,3,2,2,0,0,0,0,0,1,1,0,0,0,0,0
2,√¢¬Ä¬údisaster√¢,Uncategorized,Unknown,2,0,0.8513016,3,2,0,1,0,1,2,0,0,0,0,0,0,0,0
2,519994690,organization,Unknown,1,3,0.87207319,4,4,1,1,0,2,1,1,0,0,0,0,2,0,0
2,95064,organization,Unknown,5,1,0.8467964083333334,7,6,0,0,0,6,2,3,1,0,0,0,0,0,0
2,√¢¬Ä¬úWe fins,Uncategorized,Unknown,3,0,0.8987307000000001,4,3,0,2,0,1,0,1,0,1,1,0,0,0,0
2,Nagaland Sea Ltd. Liability Co &,Uncategorized,Unknown,6,8,0.8449460807142858,12,14,0,0,2,12,0,6,5,2,1,0,0,0,0
2,Aicrowe Biotech Co,Uncategorized,Unknown,0,1,0.941871,2,1,0,0,0,1,0,0,0,0,1,0,0,0,0
2,43685541,organization,Unknown,13,17,0.8408983813333334,29,30,3,10,0,17,3,10,3,9,3,0,1,0,1
2,Guaranteed Income Program New Parents 2035,Uncategorized,Unknown,2,0,0.8974860600000001,3,2,0,0,2,0,0,1,1,0,0,0,0,0,0
2,Frank Guzman,person,Country_271835,2,0,0.83541933,3,2,0,0,0,2,0,0,0,0,2,0,0,0,0
2,Douglas Gordon,person,Arreciviento,1,3,0.8620616925,5,4,1,1,0,2,1,3,0,0,0,0,0,0,0
2,c82d3e99-b297-484e-a28a-76cba8d515cc,location,Unknown,4,0,0.8676855075,5,4,0,0,1,3,0,2,1,0,0,1,0,0,0
2,Chinook,vessel,Unknown,2,0,0.838143385,3,2,0,2,0,0,0,1,0,0,1,0,0,0,0
2,6,organization,Unknown,5,6,0.8230682954545454,11,11,4,2,1,4,2,3,3,3,0,0,0,0,0
2,df365f60-c399-42f5-ad38-736145edef5e,location,Unknown,0,2,0.878077335,3,2,0,1,0,1,0,1,0,0,1,0,0,0,0
2,c682ec16-cd10-4a6c-94ce-4a5eb590b42e,location,Unknown,1,3,0.8766663875,4,4,0,0,2,2,0,2,1,0,1,0,0,0,0
2,967900443,organization,Unknown,5,14,0.8490173563157896,15,19,1,4,5,9,3,8,2,3,0,2,0,0,1
2,Lisa Lambert,person,Country_271835,10,0,0.8591153669999999,11,10,0,0,2,8,0,2,3,2,2,0,1,0,0
2,Mitsubishi,Uncategorized,Unknown,4,17,0.8293858000000001,20,21,2,0,6,13,3,7,2,4,4,0,0,1,0
2,761,organization,Unknown,1,0,0.86861944,2,1,0,1,0,0,0,1,0,0,0,0,0,0,0
2,34020206,organization,Unknown,0,2,0.875448,3,2,0,0,2,0,0,1,0,1,0,0,0,0,0
2,Courtney Johnson,person,Marebak,8,5,0.8820266753846154,13,13,0,0,1,12,1,5,2,1,2,1,0,1,0
2,Vanessa Chandler,person,Arreciviento,3,2,0.93822881,6,5,0,0,0,5,1,3,0,0,1,0,0,0,0
2,2035/03,Uncategorized,Unknown,2,0,0.8458562199999999,3,2,0,0,2,0,0,1,1,0,0,0,0,0,0
2,346281879,organization,Unknown,0,2,0.832025075,3,2,0,0,0,2,0,2,0,0,0,0,0,0,0
2,ecf18ac9-a773-43a0-98c8-cdd264565b2f,location,Unknown,0,2,0.883283475,3,2,0,1,0,1,0,0,2,0,0,0,0,0,0
2,Sea Seekers Merchants Cruise ship,Uncategorized,Unknown,1,4,0.853845604,6,5,0,2,3,0,0,2,0,1,1,0,0,1,0
2,506,organization,Unknown,0,1,0.83026195,2,1,0,1,0,0,0,1,0,0,0,0,0,0,0
2,Aquaculture√¢,Uncategorized,Unknown,8,0,0.8957288,9,8,0,8,0,0,0,1,0,2,1,0,4,0,0
2,Congo Rapids  Marine sanctuary GmbH & Co. KG Marine sanctuary,company,Country_271835,2,2,0.692965335,5,4,0,0,3,1,0,3,0,0,1,0,0,0,0
2,Jammu & Kashmir Ltd Family,company,Country_271835,4,0,0.8520809324999999,4,4,0,0,0,4,0,2,0,0,0,2,0,0,0
2,Gaosheng Biotechnology Co,Uncategorized,Unknown,2,3,0.8712367539999999,6,5,0,0,0,5,0,3,0,1,1,0,0,0,0
2,FV Snake,vessel,Unknown,2,5,0.9004964214285713,8,7,0,7,0,0,0,0,1,2,1,0,3,0,0
2,2810009,organization,Unknown,1,6,0.8669666857142858,8,7,0,3,4,0,1,1,2,1,1,0,0,1,0
2,629,vessel,Unknown,4,3,0.8801694228571428,8,7,0,0,0,7,0,3,1,2,1,0,0,0,0
2,b24194ae-69ad-4e6c-be29-787c215cde65,location,Unknown,1,0,0.87732154,2,1,0,0,0,1,0,0,0,1,0,0,0,0,0
2,438,organization,Unknown,3,1,0.8250987249999999,5,4,0,1,0,3,0,1,2,0,1,0,0,0,0
2,49525439,organization,Unknown,2,0,0.8939420499999999,3,2,0,0,2,0,0,0,0,1,0,1,0,0,0
2,64545,organization,Unknown,0,3,0.90408693,4,3,0,0,0,3,1,1,0,1,0,0,0,0,0
2,√¢¬Ä¬òAwacha√¢,Uncategorized,Unknown,2,0,0.8663289000000001,3,2,0,0,2,0,0,0,1,0,1,0,0,0,0
2,Trevor Brown,person,Country_271835,1,1,0.8542279500000001,3,2,0,0,1,1,0,0,0,1,1,0,0,0,0
2,3887,organization,Unknown,6,0,0.8756834716666667,7,6,0,1,0,5,1,1,3,0,1,0,0,0,0
2,8041aa28-8c50-4083-a528-469c0c6251d9,location,Unknown,0,15,0.8890702613333333,15,15,0,7,3,5,0,4,1,5,1,2,1,0,1
2,Zachary Jordan,person,Country_271835,3,2,0.8891809899999998,6,5,0,0,4,1,0,2,2,1,0,0,0,0,0
2,5680682,organization,Unknown,10,5,0.858559924,15,15,1,0,2,12,5,7,1,0,1,1,0,0,0
2,Nile Crocodile Deep-sea Oyj Brothers,Uncategorized,Unknown,1,0,0.84850895,2,1,1,0,0,0,0,0,1,0,0,0,0,0,0
2,2ad4f7ea-6f93-4a11-ace7-d7a4234bb991,location,Unknown,5,4,0.8664001433333334,10,9,1,0,1,7,0,1,3,3,2,0,0,0,0
2,FV,vessel,Unknown,0,6,0.8989543616666666,7,6,0,5,0,1,0,0,1,1,1,0,3,0,0
2,Frederick Taylor,person,Country_271835,1,1,0.821471435,3,2,0,0,2,0,1,0,0,0,1,0,0,0,0
2,327572963,organization,Unknown,3,0,0.8749545833333334,4,3,3,0,0,0,0,1,2,0,0,0,0,0,0
2,47234884,political_organization,Unknown,1,1,0.89827185,3,2,0,0,2,0,0,1,0,0,1,0,0,0,0
2,Kariba Dam  Corporation Nautical,company,Country_271835,6,3,0.8657410433333333,10,9,5,0,1,3,1,3,3,1,0,0,1,0,0
2,b8f8208c-0388-484e-a700-b4c265170827,location,Unknown,6,1,0.8401425085714286,8,7,0,0,6,1,0,2,3,0,0,0,0,2,0
2,√¢¬Ä¬úcommission√¢,Uncategorized,Unknown,2,0,0.8436686250000001,3,2,0,0,0,2,0,1,0,1,0,0,0,0,0
2,Estrella del Mar Plc,Uncategorized,Unknown,0,2,0.85679755,3,2,0,0,1,1,0,0,1,0,1,0,0,0,0
2,99233,organization,Unknown,2,1,0.8799166666666668,4,3,0,0,0,3,0,1,0,2,0,0,0,0,0
2,78565892,organization,Unknown,3,0,0.8115766299999999,4,3,1,0,0,2,0,2,0,1,0,0,0,0,0
2,151159036,organization,Unknown,2,1,0.83091939,4,3,3,0,0,0,0,2,1,0,0,0,0,0,0
2,46901627,organization,Unknown,17,16,0.8488031448484848,31,33,5,7,8,13,3,13,11,5,1,0,0,0,0
2,Tshikwea Corp Marine sanctuary,company,Marebak,4,9,0.8728403153846152,13,13,0,5,0,8,1,7,1,1,1,0,2,0,0
2,341,organization,Unknown,8,1,0.8356559922222222,10,9,0,1,0,8,3,4,2,0,0,0,0,0,0
2,europeansting,Uncategorized,Unknown,3,0,0.8181547699999999,3,3,0,2,0,1,0,1,0,0,0,2,0,0,0
2,Alexander Buchanan,person,Country_271835,2,0,0.828247965,3,2,0,1,0,1,0,2,0,0,0,0,0,0,0
2,David Weber,person,Country_271835,1,0,0.89996046,2,1,1,0,0,0,0,0,0,0,1,0,0,0,0
2,water,vessel,Unknown,10,5,0.8781484466666665,14,15,1,4,2,8,3,6,0,1,5,0,0,0,0
2,Sara Jenkins,person,Country_271835,5,1,0.8811650916666666,7,6,0,0,2,4,0,0,2,2,1,0,1,0,0
2,Estrella de la Costa  Consultants,Uncategorized,Unknown,4,0,0.8498080674999999,5,4,1,0,0,3,0,1,3,0,0,0,0,0,0
2,76568,organization,Unknown,5,5,0.8546429520000001,9,10,0,0,7,3,0,3,2,2,3,0,0,0,0
2,102642,organization,Unknown,5,0,0.895120128,6,5,0,0,1,4,2,2,0,0,1,0,0,0,0
2,Barco de Plata Plc,Uncategorized,Unknown,1,1,0.8557020799999999,3,2,0,0,2,0,0,1,1,0,0,0,0,0,0
2,Alpha Brokersa,Uncategorized,Unknown,1,3,0.858107575,5,4,0,2,1,1,0,2,1,1,0,0,0,0,0
2,dec69ea4-1c0c-4b31-b6fe-7d0c7e4b8fd9,location,Unknown,2,0,0.84002995,3,2,0,0,1,1,0,0,1,0,1,0,0,0,0
2,129461,organization,Unknown,5,3,0.86746096875,9,8,0,3,4,1,1,1,3,1,1,0,0,1,0
2,Brian Wolfe,person,Country_271835,1,1,0.82841945,3,2,0,0,0,2,0,1,0,0,1,0,0,0,0
2,a7d22b55-872d-4fc0-b1ea-935f63ce0d2a,location,Unknown,0,1,0.84611166,2,1,0,0,0,1,0,0,0,0,0,0,1,0,0
2,Maria Mitchell,person,Oceanus,9,7,0.8281411974999999,15,16,4,7,1,4,2,10,2,0,1,1,0,0,0
2,Kimberly Roberts,person,Country_271835,2,0,0.90479445,3,2,0,0,1,1,0,0,0,1,1,0,0,0,0
2,4711730,organization,Unknown,2,0,0.87726528,3,2,0,0,0,2,0,1,1,0,0,0,0,0,0
2,d2948905-9121-400b-905f-e449bf8ca35e,location,Unknown,6,0,0.8785246666666667,7,6,0,0,0,6,0,3,1,1,0,1,0,0,0
2,94047,political_organization,Unknown,0,2,0.913545575,3,2,0,0,2,0,0,1,0,1,0,0,0,0,0
2,Fresh Atlantic,Uncategorized,Unknown,1,0,0.8509265,2,1,0,0,1,0,0,0,0,1,0,0,0,0,0
2,1aa47ffc-05a8-4edd-a8e0-94c10b650bd8,location,Unknown,4,0,0.8809556875,5,4,0,0,4,0,0,2,1,0,1,0,0,0,0
2,Amanda Contreras,person,Country_271835,3,0,0.9065014666666666,4,3,0,0,0,3,0,1,0,0,1,0,1,0,0
2,bulker,vessel,Unknown,1,1,0.9374616499999999,3,2,0,0,0,2,1,0,1,0,0,0,0,0,0
2,Lake Tanganyika Sea AS Shipping,Uncategorized,Unknown,0,20,0.8727514545,21,20,6,0,4,10,2,9,5,4,0,0,0,0,0
2,65872b93-db53-4445-a72e-8f84b3d7edfc,location,Unknown,0,2,0.8520455,3,2,1,0,0,1,0,0,0,1,0,0,0,1,0
2,8251198,organization,Unknown,5,0,0.832892918,6,5,0,1,0,4,0,2,1,1,1,0,0,0,0
2,25222883,organization,Unknown,0,5,0.9182891739999999,6,5,0,0,0,5,0,2,1,1,1,0,0,0,0
2,Thomas Curry,person,Oceanus,1,4,0.8569316199999999,6,5,0,1,4,0,0,3,0,1,0,1,0,0,0
2,Katelyn Gibson,person,Country_271835,0,3,0.8850722866666666,4,3,0,0,3,0,0,1,1,1,0,0,0,0,0
2,Mongabay√¢¬Ä¬ôs,Uncategorized,Unknown,5,2,0.8665773085714286,8,7,1,0,0,6,1,0,1,3,1,0,1,0,0
2,Maru,vessel,Unknown,0,4,0.9075812225000001,5,4,0,0,0,4,0,0,1,2,1,0,0,0,0
2,Icelandic Shrimp Corporation Transport,Uncategorized,Unknown,1,9,0.85687455,11,10,2,0,0,8,1,6,2,0,1,0,0,0,0
2,Deborah Bell,person,Country_271835,4,0,0.8185646900000001,5,4,3,0,0,1,1,1,2,0,0,0,0,0,0
2,0715f2ea-3d11-4eaa-a0c4-fb3290896531,location,Unknown,1,0,0.84395957,2,1,0,0,1,0,0,0,0,0,1,0,0,0,0
2,three-hour,movement,Unknown,2,0,0.9502967600000001,3,2,1,0,1,0,0,1,0,0,1,0,0,0,0
2,49729,organization,Unknown,6,11,0.86872015,15,17,0,3,1,13,2,6,4,3,1,0,0,0,1
2,662290,organization,Unknown,4,2,0.841405015,7,6,3,0,1,2,0,0,3,3,0,0,0,0,0
2,Andhra Pradesh  Investment Dry dock,Uncategorized,Unknown,0,2,0.9369142,3,2,0,0,0,2,1,0,0,0,0,0,1,0,0
2,1094345,organization,Unknown,9,14,0.8663254334782609,23,23,1,2,0,20,3,12,5,1,2,0,0,0,0
2,three,movement,Unknown,2,3,0.8643981860000001,5,5,0,0,1,4,0,2,2,0,1,0,0,0,0
2,3383,organization,Unknown,0,3,0.8663073433333333,4,3,2,0,1,0,0,1,1,1,0,0,0,0,0
2,Michele Hernandez,person,Country_271835,1,1,0.913635,3,2,0,0,2,0,0,0,1,1,0,0,0,0,0
2,Amorim Flooring,Uncategorized,Unknown,3,1,0.8407780174999999,5,4,0,0,2,2,0,2,1,0,1,0,0,0,0
2,Rybachit Limited Liability Company,company,Marebak,4,6,0.859687484,11,10,0,1,0,9,2,6,1,0,1,0,0,0,0
2,Sierra Smith,person,Osterivaria,4,13,0.8667091682352941,16,17,0,1,4,12,1,4,4,2,3,0,3,0,0
2,4937447,organization,Unknown,2,1,0.8456196500000001,4,3,0,3,0,0,1,1,0,0,1,0,0,0,0
2,353,organization,Unknown,3,1,0.8534784725,4,4,0,0,0,4,0,0,0,2,1,0,0,1,0
2,Anne Anderson,person,Country_271835,3,0,0.8302297800000001,4,3,0,0,1,2,0,2,0,1,0,0,0,0,0
2,897,organization,Unknown,2,0,0.83798555,3,2,1,0,1,0,0,0,1,0,1,0,0,0,0
2,DOF√¢¬Ä¬ôs Long Xing,Uncategorized,Unknown,3,1,0.8422932,5,4,1,0,0,3,0,1,1,0,2,0,0,0,0
2,Kendra Owens,person,Country_271835,1,0,0.8567476,2,1,0,0,0,1,0,0,0,0,1,0,0,0,0
2,21,organization,Unknown,1,3,0.8155356300000001,4,4,0,3,0,1,0,2,0,2,0,0,0,0,0
2,ae88562c-5c39-4c15-b128-b4f67f5e5812,location,Unknown,2,0,0.84766195,3,2,0,0,2,0,0,0,1,0,1,0,0,0,0
2,7914,organization,Unknown,3,0,0.8419604399999999,4,3,3,0,0,0,1,0,2,0,0,0,0,0,0
2,b8567859-bf54-49fd-8332-5775e19c65af,location,Unknown,43,80,0.867238756504065,107,123,9,23,49,42,11,49,25,16,7,3,7,3,2
2,Gary Crawford PhD,person,Country_980042,1,4,0.886766974,6,5,0,5,0,0,0,0,1,0,0,0,4,0,0
2,19a4297e-2d2b-47c0-9dce-816148a16f4e,location,Unknown,4,1,0.847485728,6,5,0,0,0,5,0,0,1,2,1,0,1,0,0
2,Menards√¢,Uncategorized,Unknown,2,0,0.8182095,3,2,2,0,0,0,0,2,0,0,0,0,0,0,0
2,FV Viking,vessel,Unknown,3,3,0.9095627999999999,7,6,0,6,0,0,0,0,1,1,1,0,3,0,0
2,13 years√¢,Uncategorized,Unknown,2,2,0.865897345,5,4,0,0,3,1,0,1,1,1,1,0,0,0,0
2,merida√¢,Uncategorized,Unknown,8,0,0.96395672,9,8,0,0,8,0,0,3,3,1,1,0,0,0,0
2,John Brown,person,Country_746165,6,5,0.8896525636363637,10,11,3,0,1,7,1,4,5,0,1,0,0,0,0
2,55674,organization,Unknown,8,9,0.7664532894117648,15,17,5,2,2,8,0,7,5,4,1,0,0,0,0
2,√¢¬Ä¬úbracatinga,Uncategorized,Unknown,8,2,0.934205586,10,10,0,0,5,5,0,4,4,1,1,0,0,0,0
2,Oceans,vessel,Unknown,0,3,0.85594379,4,3,0,2,0,1,0,2,1,0,0,0,0,0,0
2,DOF√¢¬Ä¬ôs,Uncategorized,Unknown,23,4,0.8786097714814814,24,27,1,6,3,17,2,6,3,5,4,2,3,2,0
2,98332,organization,Unknown,5,8,0.8417589038461538,13,13,0,5,2,6,0,3,4,2,1,2,1,0,0
2,621,political_organization,Unknown,4,12,0.842253945,9,16,0,6,4,6,2,6,4,0,2,0,0,0,2
2,8269,organization,Unknown,1,3,0.8744005275,5,4,0,0,0,4,1,1,0,1,1,0,0,0,0
2,Brandon Hughes,person,Country_271835,1,0,0.82451063,2,1,0,0,1,0,0,0,0,0,1,0,0,0,0
2,Jeremy Jarvis,person,Country_271835,1,1,0.8209818,3,2,0,1,0,1,0,1,1,0,0,0,0,0,0
2,4759,organization,Unknown,1,1,0.8133452999999999,3,2,1,1,0,0,0,2,0,0,0,0,0,0,0
2,0f952ad7-6ecb-472e-8a30-895501a0e8c8,location,Unknown,4,1,0.9105779999999999,6,5,0,1,0,4,0,3,2,0,0,0,0,0,0
2,FV Thunder,vessel,Unknown,4,3,0.8870526828571429,8,7,0,7,0,0,0,0,1,2,1,0,3,0,0
2,e631b105-4953-43e1-8d37-a3ab5dd3d860,location,Unknown,2,0,0.84780022,3,2,2,0,0,0,0,0,1,0,0,0,0,1,0
2,Mary Castillo,person,Country_271835,2,1,0.8887911166666668,4,3,0,1,2,0,0,1,1,1,0,0,0,0,0
2,Chad Nichols,person,Country_271835,3,0,0.8592405,4,3,0,0,3,0,0,2,0,1,0,0,0,0,0
2,Eugene Ochoa,person,Country_271835,1,0,0.8439235,2,1,0,0,1,0,0,1,0,0,0,0,0,0,0
2,4524860,organization,Unknown,0,2,0.93824196,3,2,1,0,1,0,0,0,0,0,1,0,0,1,0
2,Tracy Rogers,person,Country_271835,0,2,0.5792,3,2,1,0,0,1,0,1,1,0,0,0,0,0,0
5,Sara Fleming,person,Country_167470,4,6,0.8682910460000001,9,10,1,0,5,4,5,1,0,0,1,0,0,1,2
5,Amber Green,person,Country_271835,0,2,0.8404677199999999,3,2,0,0,1,1,1,0,0,1,0,0,0,0,0
5,Terry Murphy,person,Country_271835,4,1,0.855832326,6,5,0,0,1,4,0,3,1,1,0,0,0,0,0
5,8814,organization,Unknown,11,4,0.82463658,16,15,1,0,0,14,0,9,2,0,2,2,0,0,0
5,David Tucker,person,Country_271835,1,0,0.9268442,2,1,0,0,1,0,0,0,0,1,0,0,0,0,0
5,55,organization,Unknown,3,4,0.8395573257142857,8,7,2,0,4,1,1,3,0,0,1,2,0,0,0
5,Olivia Bailey,person,Country_271835,5,1,0.8358763033333334,6,6,0,0,6,0,0,4,1,1,0,0,0,0,0
5,1560,organization,Unknown,8,6,0.7742049085714288,14,14,11,0,3,0,1,8,2,0,2,1,0,0,0
5,3190258,political_organization,Unknown,3,0,0.8240126333333334,4,3,0,0,3,0,0,3,0,0,0,0,0,0,0
5,64c45541-e00b-423c-bc7d-238aa3a4d3ad,location,Unknown,1,0,0.88633054,2,1,0,0,0,1,0,1,0,0,0,0,0,0,0
5,172114,organization,Unknown,6,4,0.8319584329999999,9,10,2,1,7,0,1,5,3,0,0,0,0,0,1
5,3369,organization,Unknown,1,1,0.9003334199999999,3,2,0,2,0,0,0,2,0,0,0,0,0,0,0
5,Tombow,Uncategorized,Unknown,0,6,0.8752116866666667,7,6,3,1,1,1,1,2,3,0,0,0,0,0,0
5,52,organization,Unknown,2,3,0.836639194,5,5,0,3,0,2,0,3,2,0,0,0,0,0,0
5,903,political_organization,Unknown,6,17,0.8682019152173915,23,23,16,1,0,6,0,9,3,6,4,1,0,0,0
5,604905,organization,Unknown,0,4,0.8541460350000001,5,4,4,0,0,0,0,2,1,0,1,0,0,0,0
5,888,political_organization,Unknown,2,0,0.8396898349999999,3,2,0,0,2,0,0,2,0,0,0,0,0,0,0
5,Nutica del Sol AG,company,Country_323509,3,1,0.8671739175,5,4,1,2,0,1,0,1,1,1,1,0,0,0,0
5,entire 2036,event,Unknown,4,1,0.8540300540000001,5,5,0,0,1,4,1,1,0,2,0,0,0,1,0
5,42258,organization,Unknown,0,1,0.93475735,2,1,0,1,0,0,0,1,0,0,0,0,0,0,0
5,Brett Lopez,person,Country_271835,3,0,0.96033209,4,3,0,3,0,0,0,0,0,0,3,0,0,0,0
5,69007292,organization,Unknown,1,1,0.83108165,3,2,1,0,0,1,1,0,1,0,0,0,0,0,0
5,789040,political_organization,Unknown,0,2,0.913160725,3,2,2,0,0,0,0,1,0,0,0,1,0,0,0
5,5a52675e-1243-4244-ad55-85a06c4408de,location,Unknown,0,11,0.8424942990909091,12,11,6,0,3,2,1,7,0,2,1,0,0,0,0
5,4698,organization,Unknown,4,2,0.8777112833333334,7,6,0,0,4,2,0,3,1,2,0,0,0,0,0
5,II,Uncategorized,Unknown,0,2,0.858299105,3,2,0,2,0,0,0,1,1,0,0,0,0,0,0
5,Rodney Compton,person,Country_271835,2,0,0.89442972,3,2,0,0,1,1,0,1,0,1,0,0,0,0,0
5,Matthew Everett,person,Country_271835,2,0,0.834493575,3,2,1,0,0,1,0,0,0,0,2,0,0,0,0
5,49048884,political_organization,Unknown,2,0,0.859852775,3,2,0,2,0,0,0,1,1,0,0,0,0,0,0
5,SVB√¢¬Ä¬ôs,Uncategorized,Unknown,0,2,0.821308555,3,2,1,0,1,0,0,1,1,0,0,0,0,0,0
5,ec4af8c8-1ff1-4aaa-9431-7697d930b3f4,location,Unknown,2,0,0.882025025,3,2,0,0,0,2,0,0,1,0,0,1,0,0,0
5,784221,organization,Unknown,2,4,0.8739948333333333,7,6,5,0,0,1,0,2,2,0,2,0,0,0,0
5,Mar de Estrellas Oyj Carriers,company,Country_271835,1,2,0.8578434966666667,4,3,0,0,0,3,0,1,1,1,0,0,0,0,0
5,47679,organization,Unknown,31,33,0.8507370509375001,49,64,23,8,24,9,5,29,10,8,7,5,0,0,0
5,FLIP MCGYVER Tradema,Uncategorized,Unknown,2,0,0.88236297,3,2,0,2,0,0,1,1,0,0,0,0,0,0,0
5,829,organization,Unknown,9,5,0.8598231207142856,10,14,11,2,1,0,0,12,1,0,1,0,0,0,0
5,47249,organization,Unknown,8,2,0.862770824,10,10,10,0,0,0,1,8,0,0,1,0,0,0,0
5,36506,organization,Unknown,7,0,0.8100535871428571,8,7,0,0,0,7,0,3,0,0,2,1,0,0,1
5,4382,organization,Unknown,3,1,0.8966306350000001,5,4,0,4,0,0,0,3,1,0,0,0,0,0,0
5,969368807,organization,Unknown,1,2,0.8731919633333334,4,3,0,2,1,0,0,1,2,0,0,0,0,0,0
5,c18d0197-c30e-421f-bae3-2f8fa1e9159a,location,Unknown,2,5,0.84507002,8,7,1,1,3,2,0,0,2,4,1,0,0,0,0
5,24641639,organization,Unknown,2,0,0.855438785,3,2,0,2,0,0,0,2,0,0,0,0,0,0,0
5,6b19fec0-f5d4-4d31-b461-fef270debb3e,location,Unknown,2,1,0.95251669,4,3,0,3,0,0,0,0,0,1,2,0,0,0,0
5,66820,organization,Unknown,3,3,0.8524908916666667,7,6,3,0,0,3,1,2,2,1,0,0,0,0,0
5,0ae94787-4593-4139-848d-9174ea13ac23,location,Unknown,2,0,0.8401932750000001,3,2,0,0,0,2,0,1,1,0,0,0,0,0,0
5,Costa de Coral Charter Boat Oyj Overseas,Uncategorized,Unknown,0,3,0.8496251833333334,4,3,0,0,0,3,0,2,0,0,1,0,0,0,0
5,41870892-4565-42cd-9374-8665d01e9aa9,location,Unknown,9,15,0.8585603191666668,24,24,18,3,3,0,0,13,2,3,5,1,0,0,0
5,Nicholas Dennis,person,Country_271835,2,0,0.8163047000000001,3,2,1,0,0,1,0,1,1,0,0,0,0,0,0
5,ab195b55-453e-4436-ab0c-9f5660b4ec8c,location,Unknown,5,7,0.8388517383333333,12,12,10,1,1,0,0,4,1,2,4,1,0,0,0
5,Okavango Delta Seaside Limited Liability Company Logistics,Uncategorized,Unknown,6,7,0.8405077199999998,14,13,6,1,2,4,1,4,4,2,1,0,1,0,0
5,Bryce Baker,person,Oceanus,6,8,0.8769245492857144,15,14,1,1,9,3,2,4,2,4,0,0,0,1,1
5,Kevin Liu,person,Country_271835,0,2,0.8663431500000001,3,2,0,0,2,0,0,0,0,2,0,0,0,0,0
5,America,Uncategorized,Unknown,0,3,0.8482262766666667,4,3,3,0,0,0,0,2,0,1,0,0,0,0,0
5,Irish Sea Seaside GmbH & Co. KG Distribution,Uncategorized,Unknown,8,30,0.8566615642105262,28,38,13,1,22,2,5,14,3,10,5,1,0,0,0
5,199442,organization,Unknown,21,8,0.8467362572413792,30,29,17,7,0,5,1,12,3,6,5,2,0,0,0
5,695031,organization,Unknown,2,0,0.89988975,3,2,2,0,0,0,1,1,0,0,0,0,0,0,0
5,567857349,organization,Unknown,3,0,0.8301624133333333,4,3,0,0,3,0,0,1,0,0,1,1,0,0,0
5,David Seabed Inc Consulting,company,Country_271835,2,0,0.839660415,3,2,0,0,0,2,0,1,0,0,1,0,0,0,0
5,ae19b5a7-4f70-4366-98ad-819e3009aeca,location,Unknown,4,4,0.8755390475,9,8,5,2,0,1,1,3,3,1,0,0,0,0,0
5,16306,organization,Unknown,2,3,0.8736733579999999,6,5,3,0,1,1,0,1,2,0,0,2,0,0,0
5,Tshikele Ltd. Liability Co,company,Country_271835,2,1,0.8531519333333334,4,3,3,0,0,0,0,1,1,0,1,0,0,0,0
5,54055,organization,Unknown,0,3,0.8725389666666666,4,3,3,0,0,0,1,0,0,0,1,1,0,0,0
5,4396031,organization,Unknown,2,1,0.8951924133333334,4,3,3,0,0,0,1,1,1,0,0,0,0,0,0
5,Richard Adams,person,Country_271835,2,0,0.84528175,3,2,1,0,0,1,0,0,0,0,2,0,0,0,0
5,b1a0ee2a-0e6d-48c2-b639-032e4648fa5c,location,Unknown,11,7,0.8421031788888889,19,18,3,0,1,14,0,8,1,5,2,2,0,0,0
5,9ce492a2-de6e-4231-a018-318fc929908b,location,Unknown,0,2,0.822217175,3,2,0,1,1,0,1,0,0,0,0,0,0,1,0
5,Joseph Gonzales,person,Country_874023,9,3,0.8618241991666666,13,12,9,0,3,0,0,3,1,3,4,1,0,0,0
5,Group Co Marine life,Uncategorized,Unknown,3,0,0.8663407666666666,4,3,0,0,0,3,1,1,0,0,1,0,0,0,0
5,7f3d323d-54e3-49f8-9c28-7aa5cb4c7248,location,Unknown,1,1,0.891505955,3,2,2,0,0,0,0,1,0,1,0,0,0,0,0
5,Victoria,Uncategorized,Unknown,1,2,0.8339308833333333,4,3,0,0,1,2,1,1,0,0,1,0,0,0,0
5,172711,organization,Unknown,1,0,0.8462429,2,1,0,0,0,1,0,1,0,0,0,0,0,0,0
5,√¢¬Ä¬¢,Uncategorized,Unknown,3,1,0.8273972825,5,4,0,4,0,0,0,2,2,0,0,0,0,0,0
5,89734,organization,Unknown,1,3,0.8697489475,5,4,0,1,1,2,0,2,0,2,0,0,0,0,0
5,955425,organization,Unknown,0,2,0.8177113,3,2,0,0,2,0,0,1,0,0,0,1,0,0,0
5,766649,political_organization,Unknown,8,4,0.8377601666666669,13,12,1,0,4,7,0,8,1,0,2,1,0,0,0
5,Joshua Huang,person,Country_271835,0,2,0.8706600250000001,3,2,1,0,0,1,0,1,1,0,0,0,0,0,0
5,68703341,organization,Unknown,0,2,0.902348025,3,2,0,0,2,0,0,1,0,0,0,1,0,0,0
5,Erica Mitchell,person,Country_874023,0,2,0.8304294,3,2,1,0,1,0,0,1,0,1,0,0,0,0,0
5,150486480,political_organization,Unknown,0,7,0.8498815585714287,8,7,0,0,0,7,0,4,0,1,1,1,0,0,0
5,836,political_organization,Unknown,0,2,0.83029285,3,2,0,0,2,0,0,2,0,0,0,0,0,0,0
5,Fernando Steele,person,Country_271835,0,3,0.9081819666666666,4,3,2,0,1,0,2,0,0,1,0,0,0,0,0
5,148766,organization,Unknown,1,2,0.80259625,4,3,0,0,2,1,0,2,0,0,1,0,0,0,0
5,Diane Hughes,person,Country_271835,4,0,0.9164083449999999,5,4,4,0,0,0,0,2,1,0,1,0,0,0,0
5,30 days,movement,Unknown,2,0,0.8450880949999999,3,2,1,0,1,0,0,0,0,1,1,0,0,0,0
5,Michelle Herring,person,Country_271835,1,0,0.8530189,2,1,0,1,0,0,0,0,0,0,1,0,0,0,0
5,Cindy Ritter,person,Oceanus,8,3,0.8281494181818182,12,11,8,1,2,0,0,4,1,1,4,1,0,0,0
5,2ade0908-d1c9-45de-9dbb-3dfec75d9317,location,Unknown,3,0,0.8612417766666667,4,3,0,0,0,3,1,2,0,0,0,0,0,0,0
5,110727,organization,Unknown,1,3,0.8653897,5,4,1,1,1,1,1,1,2,0,0,0,0,0,0
5,United Bankx,Uncategorized,Unknown,3,1,0.8314053425000001,5,4,4,0,0,0,1,1,1,0,1,0,0,0,0
5,Sarah Clark,person,Country_271835,1,1,0.856491525,3,2,0,1,1,0,1,0,1,0,0,0,0,0,0
5,45ff391d-0f6a-4ee4-abe6-8b06d07dbfd6,location,Unknown,1,0,0.85191125,2,1,1,0,0,0,0,1,0,0,0,0,0,0,0
5,Tiao piao AG Delivery,company,Helvoris,5,3,0.8654496737499999,9,8,4,0,0,4,0,3,3,1,1,0,0,0,0
5,89772543,organization,Unknown,4,3,0.8480030657142859,8,7,0,3,3,1,1,2,0,0,1,2,1,0,0
5,235866056,organization,Unknown,9,21,0.8579643343333334,20,30,1,0,27,2,2,12,9,4,2,0,0,1,0
5,5276019,organization,Unknown,5,0,0.8720365720000001,6,5,0,0,0,5,0,2,1,1,0,0,0,0,1
5,Andhra Pradesh  S.A. de C.V.,Uncategorized,Unknown,2,0,0.8744640850000001,3,2,1,0,0,1,1,0,0,1,0,0,0,0,0
5,Green,Uncategorized,Unknown,0,4,0.8969729175,5,4,4,0,0,0,0,2,1,0,1,0,0,0,0
5,33210,organization,Unknown,0,2,0.8101134000000001,3,2,1,0,0,1,1,0,0,0,1,0,0,0,0
5,128692,organization,Unknown,10,4,0.8482926385714286,14,14,12,0,0,2,0,5,1,2,4,1,0,0,1
5,486,organization,Unknown,8,9,0.84885619,17,17,5,2,2,8,2,7,3,1,3,1,0,0,0
5,160,organization,Unknown,16,83,0.863229273939394,91,99,42,22,8,27,10,40,17,12,13,3,4,0,0
5,abcb0d9c-80da-4491-99f3-e093984f5373,location,Unknown,0,2,0.8586505200000001,3,2,1,0,1,0,0,1,1,0,0,0,0,0,0
5,6d345854-f864-4194-85d2-047e66332dca,location,Unknown,1,2,0.8644784333333333,4,3,0,0,0,3,0,1,1,1,0,0,0,0,0
5,23399545,organization,Unknown,6,1,0.8627305428571429,7,7,7,0,0,0,0,6,0,0,1,0,0,0,0
5,Andres Cook,person,Uzimoria,2,3,0.8458682880000001,6,5,3,0,2,0,0,1,1,2,0,1,0,0,0
5,9612243,organization,Unknown,2,0,0.889208175,3,2,0,2,0,0,0,1,1,0,0,0,0,0,0
5,292bf7d9-d86c-411d-9a85-da0cb4535e22,location,Unknown,1,5,0.9335933066666665,7,6,0,5,0,1,0,0,1,4,1,0,0,0,0
5,Marvin White,person,Country_271835,3,0,0.85434574,4,3,0,0,0,3,1,1,0,0,1,0,0,0,0
5,Bryan Taylor,person,Country_271835,1,2,0.86722149,4,3,1,0,1,1,0,3,0,0,0,0,0,0,0
5,96049794,organization,Unknown,0,3,0.8426401333333334,4,3,0,1,0,2,0,2,0,1,0,0,0,0,0
5,17de5508-cf65-4e04-9bdd-acba951afe7a,location,Unknown,0,3,0.8633285566666666,4,3,2,0,0,1,1,0,2,0,0,0,0,0,0
5,a325b223-5017-42a8-8eb1-ed7e1a3bbd5b,location,Unknown,1,1,0.84037715,3,2,1,0,0,1,0,1,0,1,0,0,0,0,0
5,618,organization,Unknown,1,0,0.85251033,2,1,1,0,0,0,0,1,0,0,0,0,0,0,0
5,Tyler Guzman,person,Country_271835,5,0,0.885926332,6,5,4,0,1,0,0,1,1,1,1,1,0,0,0
5,5441,organization,Unknown,12,2,0.8576579285714285,14,14,14,0,0,0,0,4,1,4,4,1,0,0,0
5,The Ashey,Uncategorized,Unknown,3,2,0.839581026,6,5,5,0,0,0,0,3,1,0,1,0,0,0,0
5,139,organization,Unknown,0,4,0.8549034775,5,4,0,0,0,4,0,3,0,0,1,0,0,0,0
5,80276549,organization,Unknown,3,0,0.8399763266666667,4,3,0,3,0,0,0,2,1,0,0,0,0,0,0
5,Firearms Explosives,Uncategorized,Unknown,4,0,0.8712359249999999,5,4,1,3,0,0,1,2,1,0,0,0,0,0,0
5,413760,political_organization,Unknown,1,0,0.8238958,2,1,1,0,0,0,0,1,0,0,0,0,0,0,0
5,6eda4eb1-cdb8-4d61-8c72-fae33deb91a7,location,Unknown,2,7,0.8531044822222222,9,9,0,3,0,6,0,4,2,1,1,1,0,0,0
5,Portuguese Sardines GmbH & Co. KG Line,company,Country_271835,0,4,0.8972265475000001,5,4,3,0,0,1,0,2,1,0,1,0,0,0,0
5,995899,organization,Unknown,3,4,0.8856535557142857,7,7,7,0,0,0,0,6,0,0,1,0,0,0,0
5,ca87f68d-1df8-4746-a8af-8d810f49e783,location,Unknown,1,0,0.81680304,2,1,1,0,0,0,0,1,0,0,0,0,0,0,0
5,75399,organization,Unknown,6,0,0.8995556216666666,6,6,0,0,6,0,0,4,0,0,1,0,0,1,0
5,ROBYN BECK,Uncategorized,Unknown,7,0,0.88858067,8,7,7,0,0,0,1,2,3,0,1,0,0,0,0
5,Katrina Nguyen,person,Country_271835,3,0,0.8489161333333333,4,3,0,1,2,0,1,0,0,2,0,0,0,0,0
5,Jeffrey Reed,person,Country_271835,1,0,0.96526986,2,1,0,0,0,1,0,1,0,0,0,0,0,0,0
5,Seabreeze Foods Ltd. Corporation United,Uncategorized,Unknown,6,9,0.7677298819999999,16,15,6,4,0,5,0,12,2,0,0,1,0,0,0
5,90831,organization,Unknown,3,0,0.8104912666666667,4,3,0,0,0,3,0,1,0,0,1,1,0,0,0
5,Trammell√¢¬Ä¬ôs,Uncategorized,Unknown,4,0,0.93297279,5,4,4,0,0,0,1,3,0,0,0,0,0,0,0
5,22a2062d-03d8-48c3-9e91-9e5930b8d29f,location,Unknown,6,10,0.853487516875,14,16,10,5,0,1,1,5,1,3,5,1,0,0,0
5,5e6b70db-a04a-4440-8991-3a92b5c4ac4d,location,Unknown,4,0,0.9119386875,5,4,4,0,0,0,1,2,1,0,0,0,0,0,0
5,25851337,organization,Unknown,10,1,0.8463554572727272,12,11,0,0,0,11,0,6,1,0,2,2,0,0,0
5,1625166,organization,Unknown,2,4,0.82609375,7,6,0,0,0,6,1,2,0,1,1,0,0,0,1
6,d0123474-8425-4ab0-90d5-175920158638,location,Unknown,5,13,0.8754257444444443,19,18,2,3,9,4,1,6,0,4,2,1,4,0,0
6,Pontus Navigation Corp,Uncategorized,Unknown,5,1,0.8446452099999999,6,6,0,0,0,6,1,0,3,2,0,0,0,0,0
6,81,organization,Unknown,13,7,0.8026897590000001,19,20,9,0,0,11,0,11,6,1,2,0,0,0,0
6,410,organization,Unknown,2,0,0.848808885,3,2,0,0,2,0,1,0,1,0,0,0,0,0,0
6,Montrose,vessel,Unknown,2,0,0.84402992,3,2,0,2,0,0,0,0,0,0,1,0,1,0,0
6,Artemov√¢¬Ä¬ôs Ava Petroleum,Uncategorized,Unknown,2,0,0.84980353,3,2,2,0,0,0,0,1,0,1,0,0,0,0,0
6,544344,organization,Unknown,5,4,0.7169048633333334,10,9,3,6,0,0,0,6,1,2,0,0,0,0,0
6,American,Uncategorized,Unknown,4,9,0.7350423707692306,14,13,3,5,2,3,3,6,2,1,0,1,0,0,0
6,6659,organization,Unknown,1,3,0.837316865,5,4,0,0,0,4,0,2,1,1,0,0,0,0,0
6,Innovative,Uncategorized,Unknown,2,9,0.8753268272727271,12,11,6,1,2,2,0,4,5,1,1,0,0,0,0
6,95219,organization,Unknown,3,0,0.8359839299999999,4,3,0,3,0,0,0,3,0,0,0,0,0,0,0
6,534,organization,Unknown,0,6,0.8405523550000001,7,6,0,0,0,6,0,2,4,0,0,0,0,0,0
6,451,organization,Unknown,2,0,0.840884185,3,2,0,0,0,2,0,0,0,1,1,0,0,0,0
6,Thai Union Seafood,Uncategorized,Unknown,7,1,0.8678786475,8,8,0,8,0,0,0,3,1,4,0,0,0,0,0
6,HMS Montrose,vessel,Unknown,4,3,0.821935092857143,8,7,3,3,0,1,0,1,1,0,3,0,2,0,0
6,√¢¬Ä≈†√¢,Uncategorized,Unknown,3,0,0.8368455766666667,4,3,1,1,0,1,0,0,0,2,0,0,0,0,1
6,826273,organization,Unknown,1,5,0.8530771583333334,7,6,0,0,0,6,0,2,3,0,0,1,0,0,0
6,Traci Shields,person,Country_271835,1,4,0.5545599999999999,6,5,0,0,4,1,1,0,0,4,0,0,0,0,0
6,FiTI√¢¬Ä¬ôs,Uncategorized,Unknown,1,0,0.8705998,2,1,0,0,1,0,0,0,1,0,0,0,0,0,0
6,54726,organization,Unknown,0,2,0.8192109000000001,3,2,0,2,0,0,0,1,1,0,0,0,0,0,0
6,Joseph Smith,person,Country_271835,2,2,0.39895,5,4,2,0,2,0,0,1,1,2,0,0,0,0,0
6,Michelle Singh,person,Country_271835,5,2,0.8733614871428573,8,7,0,0,7,0,0,0,0,2,2,0,3,0,0
6,1719,organization,Unknown,0,2,0.8429556,3,2,0,0,0,2,0,2,0,0,0,0,0,0,0
6,Shipping Corp,Uncategorized,Unknown,6,0,0.86370315,7,6,0,0,0,6,0,5,1,0,0,0,0,0,0
6,Selena Building,Uncategorized,Unknown,5,1,0.930508545,7,6,6,0,0,0,0,4,2,0,0,0,0,0,0
6,Michael Bullock,person,Country_271835,1,1,0.853698515,3,2,1,0,1,0,0,0,0,1,0,0,1,0,0
6,5865,organization,Unknown,4,0,0.8691740749999999,5,4,0,4,0,0,0,2,1,1,0,0,0,0,0
6,4627,organization,Unknown,2,1,0.8189067266666666,4,3,0,0,0,3,0,3,0,0,0,0,0,0,0
6,Daniel Henderson,person,Country_271835,0,6,0.3972333333333333,7,6,1,0,5,0,0,1,1,4,0,0,0,0,0
6,1518,organization,Unknown,0,3,0.8838302666666668,4,3,1,1,0,1,0,2,0,0,1,0,0,0,0
6,884332,organization,Unknown,0,7,0.8252957785714284,8,7,0,7,0,0,1,2,1,3,0,0,0,0,0
6,8980454,organization,Unknown,3,1,0.8745373399999999,5,4,3,0,0,1,0,2,0,2,0,0,0,0,0
6,52193,organization,Unknown,8,7,0.7803468920000002,10,15,2,13,0,0,0,3,4,8,0,0,0,0,0
6,Intrepid Navigators,Uncategorized,Unknown,9,2,0.8484125336363636,10,11,0,0,0,11,0,7,3,1,0,0,0,0,0
6,Baha de Coral OJSC Marine,company,Country_271835,1,3,0.855913225,5,4,0,0,0,4,1,0,3,0,0,0,0,0,0
6,Joy Anderson,person,Country_271835,3,1,0.8336443450000001,5,4,0,4,0,0,0,3,1,0,0,0,0,0,0
6,Eva,Uncategorized,Unknown,5,11,0.87692113875,15,16,1,6,0,9,0,6,6,4,0,0,0,0,0
6,Jessica Costa,person,Country_271835,3,0,0.8813279700000001,4,3,2,0,0,1,0,2,1,0,0,0,0,0,0
6,Laura Joseph,person,Country_144251,3,6,0.8668015611111111,8,9,0,6,3,0,0,3,3,3,0,0,0,0,0
6,Triton Navigation Corp,Uncategorized,Unknown,6,1,0.8449617371428572,7,7,0,0,0,7,2,0,3,2,0,0,0,0,0
6,579919,organization,Unknown,0,2,0.823559555,3,2,0,2,0,0,0,2,0,0,0,0,0,0,0
6,589,organization,Unknown,4,3,0.8898253357142857,8,7,5,0,2,0,1,2,4,0,0,0,0,0,0
6,SSN,vessel,Unknown,6,1,0.8721937871428571,8,7,1,0,6,0,0,0,0,3,2,0,2,0,0
6,FiTI,Uncategorized,Unknown,2,1,0.8269271833333334,4,3,0,0,3,0,1,0,2,0,0,0,0,0,0
6,Malawi Rift  Holdings Navigation,company,Country_271835,0,3,0.8250295866666666,4,3,0,0,0,3,1,0,2,0,0,0,0,0,0
6,Navigation Corp,Uncategorized,Unknown,2,2,0.8504920925,5,4,0,0,0,4,2,0,2,0,0,0,0,0,0
6,Officer Pleads Guilty,Uncategorized,Unknown,3,0,0.7917929333333333,4,3,0,0,0,3,0,3,0,0,0,0,0,0,0
6,64778548,organization,Unknown,0,1,0.85231405,2,1,0,0,0,1,0,1,0,0,0,0,0,0,0
6,951,organization,Unknown,0,3,0.8539001933333333,4,3,0,3,0,0,0,2,0,1,0,0,0,0,0
6,927244,organization,Unknown,2,0,0.86504998,3,2,0,1,0,1,0,0,1,0,1,0,0,0,0
6,Blue Bay,Uncategorized,Unknown,0,2,0.812396985,3,2,0,0,2,0,0,1,1,0,0,0,0,0,0
6,Fresh On Time Seafood,Uncategorized,Unknown,4,5,0.8499583300000001,8,9,0,1,0,8,0,4,4,1,0,0,0,0,0
6,401289940,organization,Unknown,0,3,0.8887555333333333,4,3,3,0,0,0,0,0,1,2,0,0,0,0,0
6,6c7a8222-efc7-41a6-809a-043b091ae04a,location,Unknown,2,4,0.8556913500000002,7,6,1,1,2,2,1,3,0,1,1,0,0,0,0
6,112156579,organization,Unknown,0,2,0.9161973999999999,3,2,2,0,0,0,0,2,0,0,0,0,0,0,0
6,Jared Martinez,person,Country_271835,1,1,0.7629,3,2,1,0,1,0,0,1,0,1,0,0,0,0,0
6,2056,organization,Unknown,0,1,0.83264774,2,1,0,1,0,0,0,1,0,0,0,0,0,0,0
6,William Bradley,person,Country_271835,1,6,0.8628101757142856,8,7,0,0,6,1,0,0,1,3,2,0,1,0,0
6,Orient,Uncategorized,Unknown,3,0,0.8203521666666665,4,3,0,2,1,0,0,2,1,0,0,0,0,0,0
6,1354,organization,Unknown,6,8,0.7796587835714286,11,14,3,10,1,0,0,8,3,2,0,0,1,0,0
6,USS,vessel,Unknown,2,5,0.8400793071428572,8,7,2,1,4,0,0,1,0,2,1,0,3,0,0
6,Erica Hamilton,person,Marebak,17,19,0.8569662033333333,31,36,7,14,4,11,0,22,10,4,0,0,0,0,0
6,87940,organization,Unknown,6,0,0.9125175333333333,7,6,6,0,0,0,0,3,3,0,0,0,0,0,0
6,464454263,organization,Unknown,13,5,0.7821623483333333,17,18,5,0,0,13,0,7,8,3,0,0,0,0,0
6,2198,organization,Unknown,6,12,0.887636041111111,18,18,7,7,2,2,2,8,4,4,0,0,0,0,0
6,John Jensen,person,Helixia,0,2,0.8996181999999999,3,2,0,0,0,2,0,0,2,0,0,0,0,0,0
6,Leslie Williams,person,Country_271835,2,0,0.9040423,3,2,2,0,0,0,1,0,0,0,1,0,0,0,0
6,Austin Welch,person,Country_271835,6,3,0.8687772222222221,9,9,2,4,3,0,0,3,3,3,0,0,0,0,0
6,Ryabikova,Uncategorized,Unknown,2,0,0.896151155,3,2,2,0,0,0,0,1,0,1,0,0,0,0,0
6,911,organization,Unknown,4,0,0.9242465825,5,4,0,4,0,0,0,2,1,1,0,0,0,0,0
6,Energotrade Plus,Uncategorized,Unknown,5,0,0.8840038339999999,6,5,0,0,0,5,0,4,1,0,0,0,0,0,0
6,Ht Shipping,Uncategorized,Unknown,8,18,0.8176127873076923,24,26,9,17,0,0,0,12,8,6,0,0,0,0,0
6,HMAS,vessel,Unknown,0,5,0.856025128,6,5,1,0,4,0,0,0,0,3,1,0,1,0,0
6,Mar del Norte Ferry,company,Country_271835,1,1,0.83346178,3,2,0,0,0,2,1,0,1,0,0,0,0,0,0
6,Estrella del Mar Pic,Uncategorized,Unknown,4,0,0.86358804,5,4,0,1,0,3,0,1,1,2,0,0,0,0,0
6,Sp,Uncategorized,Unknown,0,13,0.8980328323076924,14,13,2,11,0,0,2,6,1,3,0,1,0,0,0
6,93252,organization,Unknown,7,2,0.8653939933333333,9,9,3,0,0,6,0,7,0,2,0,0,0,0,0
6,dec44f58-94b0-4070-bfb3-1e13ef308ec3,location,Unknown,2,7,0.8925439899999998,10,9,1,0,7,1,1,0,0,4,2,0,2,0,0
6,803490608,organization,Unknown,1,2,0.8503841866666666,4,3,0,0,0,3,0,1,2,0,0,0,0,0,0
6,64338295,organization,Unknown,5,1,0.9041266266666667,6,6,4,2,0,0,0,4,0,0,2,0,0,0,0
6,Michael Frederick,person,Country_271835,3,0,0.9058457466666666,4,3,0,3,0,0,0,2,1,0,0,0,0,0,0
6,Sandra Martinez,person,Country_144251,9,8,0.8890089082352941,13,17,0,12,4,1,0,6,7,4,0,0,0,0,0
6,Dr. Gregory Rice,person,Country_271835,2,2,0.40185,5,4,2,0,2,0,0,1,1,2,0,0,0,0,0
6,923825740,organization,Unknown,4,4,0.61835567,8,8,3,5,0,0,0,3,3,2,0,0,0,0,0
6,Tyler Palmer,person,Country_271835,8,0,0.9069682299999999,9,8,1,0,7,0,0,0,0,3,2,0,3,0,0
6,982519647,organization,Unknown,3,6,0.8690195811111111,9,9,0,6,0,3,0,5,3,1,0,0,0,0,0
6,United States√¢,Uncategorized,Unknown,1,2,0.8680338000000001,4,3,0,0,0,3,0,0,2,0,0,0,1,0,0
6,Breanna Welch DDS,person,Country_271835,1,1,0.16195,3,2,1,0,1,0,0,1,0,1,0,0,0,0,0
6,Bribes Exchange Smuggling Contraband,Uncategorized,Unknown,2,0,0.88331988,3,2,0,0,0,2,0,2,0,0,0,0,0,0,0
6,4942,organization,Unknown,5,7,0.8595663025000001,11,12,3,6,0,3,0,1,7,4,0,0,0,0,0
6,Spanish Red Snapper GmbH Shipping,Uncategorized,Unknown,2,0,0.8198287500000001,3,2,0,0,0,2,0,1,1,0,0,0,0,0,0
6,Gulf,vessel,Unknown,6,3,0.8331107533333334,10,9,4,0,0,5,1,1,4,1,0,0,2,0,0
6,Joseph Griffin,person,Country_271835,1,1,0.8522652399999999,3,2,0,1,1,0,0,0,1,1,0,0,0,0,0
6,Dale Warner,person,Country_271835,1,1,0.836057585,3,2,0,0,1,1,0,1,0,0,1,0,0,0,0
7,Irish Sea SRL Brothers,Uncategorized,Unknown,2,0,0.8058353949999999,3,2,0,0,0,2,0,1,0,0,1,0,0,0,0
7,Stephen Gutierrez,person,Country_271835,1,0,0.83607864,2,1,0,1,0,0,1,0,0,0,0,0,0,0,0
7,68273,organization,Unknown,4,6,0.8500473359999999,11,10,3,3,0,4,0,3,2,1,1,3,0,0,0
7,Miguel Harrison,person,Country_271835,2,0,0.8723889,3,2,0,0,2,0,0,0,0,1,1,0,0,0,0
7,√¢¬Ä¬úNYPD√¢,Uncategorized,Unknown,3,1,0.856920885,5,4,0,0,0,4,0,0,1,1,2,0,0,0,0
7,√¢¬Ä¬úbe,Uncategorized,Unknown,0,2,0.8191812,3,2,0,2,0,0,1,0,0,0,1,0,0,0,0
7,1039,organization,Unknown,10,1,0.8624372227272729,11,11,0,4,0,7,2,3,1,3,1,1,0,0,0
7,3d009ee1-0d95-4516-802f-8a5110bde01e,location,Unknown,3,2,0.874355456,5,5,0,2,0,3,0,5,0,0,0,0,0,0,0
7,Jennifer Frederick,person,Country_271835,3,0,0.9192003666666667,4,3,0,3,0,0,0,3,0,0,0,0,0,0,0
7,Food,Uncategorized,Unknown,0,3,0.8524147466666667,4,3,0,3,0,0,0,3,0,0,0,0,0,0,0
7,XUAR,Uncategorized,Unknown,7,4,0.8161851618181818,11,11,0,5,0,6,2,5,0,0,1,3,0,0,0
7,23777,organization,Unknown,8,3,0.8683932490909091,11,11,0,3,0,8,0,10,0,0,0,1,0,0,0
7,a691bc0a-cfdc-4b2a-a38e-efcd2799ecd1,location,Unknown,0,3,0.8563732466666667,4,3,0,3,0,0,0,1,1,1,0,0,0,0,0
7,Teresa Gardner,person,Kethanor,0,2,0.837401375,3,2,1,0,1,0,0,0,0,1,1,0,0,0,0
7,√¢¬Ä¬útheoriginaldragoncove√¢,Uncategorized,Unknown,10,1,0.9094710100000001,12,11,3,6,0,2,1,1,2,5,2,0,0,0,0
7,Tamara Tyler,person,Country_271835,0,4,0.8625573125,5,4,0,0,3,1,0,0,0,3,0,1,0,0,0
7,40974,organization,Unknown,1,3,0.8402732150000001,5,4,1,0,1,2,0,1,0,1,0,0,1,0,1
7,√¢¬Ä¬úHSI√¢,Uncategorized,Unknown,1,2,0.8530923466666667,4,3,0,0,0,3,0,0,1,1,1,0,0,0,0
7,1303,organization,Unknown,3,6,0.8614031833333333,10,9,0,0,0,9,0,4,2,0,2,1,0,0,0
7,Joseph Newman,person,Country_271835,0,2,0.86531057,3,2,0,0,2,0,0,0,0,1,0,0,1,0,0
7,Patrick Torres,person,Country_821432,3,11,0.8904297807142856,15,14,0,4,8,2,0,2,4,5,3,0,0,0,0
7,88295922,organization,Unknown,0,2,0.8436062200000001,3,2,0,1,0,1,0,1,0,1,0,0,0,0,0
7,Dana Knapp,person,Islavaria,6,0,0.8963568866666667,7,6,0,0,0,6,2,1,1,0,1,0,1,0,0
7,Angela Hernandez,person,Country_271835,3,7,0.8801411720000001,11,10,0,6,4,0,1,0,3,3,3,0,0,0,0
7,5312744,organization,Unknown,0,2,0.9173877699999999,3,2,0,2,0,0,0,0,1,0,0,0,0,0,1
7,√¢¬Ä¬úNino√¢,Uncategorized,Unknown,3,0,0.8289388633333333,4,3,3,0,0,0,0,0,1,2,0,0,0,0,0
7,82207154,organization,Unknown,0,5,0.879676374,6,5,0,0,0,5,0,4,1,0,0,0,0,0,0
7,95743666,organization,Unknown,0,1,0.8565168,2,1,0,1,0,0,0,1,0,0,0,0,0,0,0
7,53073557,organization,Unknown,0,4,0.8815051425,5,4,1,0,0,3,0,3,0,1,0,0,0,0,0
7,ba0514a3-9c57-4b04-a7c5-89fc0463fdda,location,Unknown,1,1,0.8851362199999999,3,2,0,0,0,2,0,2,0,0,0,0,0,0,0
7,28138,organization,Unknown,2,1,0.8420590333333333,4,3,0,3,0,0,0,0,1,1,1,0,0,0,0
7,Malabar Sea Catch Sp,Uncategorized,Unknown,0,2,0.8190531,3,2,0,0,0,2,0,2,0,0,0,0,0,0,0
7,743225,organization,Unknown,5,9,0.859248165,15,14,1,6,2,5,0,3,7,2,1,0,1,0,0
7,Veronica Lowe,person,Country_271835,0,3,0.8534169033333333,4,3,2,0,1,0,0,0,2,1,0,0,0,0,0
7,237659945,organization,Unknown,2,0,0.84548255,3,2,2,0,0,0,1,1,0,0,0,0,0,0,0
7,√¢¬Ä¬úseamount√¢,Uncategorized,Unknown,2,0,0.9119906200000001,3,2,1,0,0,1,1,1,0,0,0,0,0,0,0
7,Diao yu bi sai Tidal BV Export,company,Country_322527,0,2,0.9032346499999999,3,2,0,0,1,1,0,0,0,2,0,0,0,0,0
7,Daniel Obrien,person,Country_271835,5,0,0.8845009899999999,6,5,0,0,1,4,0,0,2,1,2,0,0,0,0
7,Scott Villa,person,Country_821432,3,1,0.8635921824999999,5,4,0,1,3,0,0,0,0,3,1,0,0,0,0
7,86117,organization,Unknown,3,0,0.8426666166666666,4,3,1,1,1,0,0,2,0,0,0,0,0,0,1
7,Elizabeth Martin,person,Country_271835,6,2,0.9116365074999999,9,8,1,4,3,0,1,0,2,3,2,0,0,0,0
7,Romero Oyster NV Carriers,company,Islavaria,1,2,0.8586034499999999,4,3,0,0,2,1,0,1,1,1,0,0,0,0,0
7,Chuan gou Company Overseas,Uncategorized,Unknown,2,2,0.837616085,5,4,1,3,0,0,0,1,2,0,0,0,0,0,1
7,Months,event,Unknown,2,0,0.8338801499999999,3,2,0,0,0,2,0,1,0,0,0,0,0,0,1
7,23837996,organization,Unknown,5,1,0.830128185,7,6,0,0,0,6,1,2,1,0,2,0,0,0,0
7,5fd0447e-d890-4f62-a411-5fc17c47b969,location,Unknown,1,3,0.844986155,5,4,0,4,0,0,0,0,0,3,1,0,0,0,0
7,Heroin Cocaine Exchange Bitcoin,Uncategorized,Unknown,3,0,0.8676812666666667,4,3,1,2,0,0,0,0,2,0,1,0,0,0,0
7,58666504,organization,Unknown,0,2,0.8714698000000001,3,2,0,2,0,0,0,1,0,1,0,0,0,0,0
7,6406914,organization,Unknown,2,3,0.8674092360000001,5,5,0,3,0,2,0,2,2,0,0,0,0,0,1
7,√¢¬Ä¬úsuffered,Uncategorized,Unknown,1,1,0.888804945,3,2,0,2,0,0,0,2,0,0,0,0,0,0,0
7,719,organization,Unknown,0,7,0.850881487142857,8,7,3,1,1,2,0,3,0,2,0,2,0,0,0
7,USINC,Uncategorized,Unknown,4,0,0.848665545,5,4,0,0,0,4,0,3,0,0,1,0,0,0,0
7,404,organization,Unknown,0,4,0.8361530575,5,4,3,0,0,1,0,3,0,0,1,0,0,0,0
7,27d0dfe7-186c-4016-8f47-40c71e30f48a,location,Unknown,1,0,0.8080072,2,1,0,0,0,1,0,0,0,0,1,0,0,0,0
7,√¢¬Ä¬úsnitch,Uncategorized,Unknown,3,0,0.8421235133333332,4,3,0,3,0,0,0,1,0,1,1,0,0,0,0
7,6242224,political_organization,Unknown,11,7,0.8647130211111111,16,18,0,11,0,7,0,3,2,10,2,0,1,0,0
7,Brittany Ryan,person,Country_271835,2,0,0.8691352,3,2,0,0,0,2,0,2,0,0,0,0,0,0,0
7,Miguel Fisher,person,Country_271835,1,3,0.8760077875,5,4,1,3,0,0,0,1,1,0,1,0,0,0,1
7,6780,organization,Unknown,20,7,0.896048315925926,26,27,4,5,4,14,3,14,3,2,3,2,0,0,0
7,Last,event,Unknown,5,4,0.8552921711111111,10,9,1,3,2,3,0,4,2,2,0,0,0,0,1
7,Kathleen Rowe,person,Country_271835,3,0,0.8638408133333333,4,3,0,3,0,0,1,0,0,0,2,0,0,0,0
7,Paul S.A. de C.V.,Uncategorized,Unknown,0,2,0.851570215,3,2,0,2,0,0,0,0,0,1,0,0,0,0,1
7,√¢¬Ä¬úoriginaldragoncove√¢,Uncategorized,Unknown,2,1,0.9013443233333334,4,3,0,0,0,3,0,0,1,2,0,0,0,0,0
7,Scott Jones,person,Country_821432,1,1,0.87368212,3,2,0,0,2,0,0,0,0,2,0,0,0,0,0
7,Viktor√¢¬Ä¬ôs,Uncategorized,Unknown,3,1,0.88931706,5,4,0,4,0,0,0,0,0,3,1,0,0,0,0
7,45,organization,Unknown,0,4,0.8687108800000001,5,4,1,1,2,0,1,2,1,0,0,0,0,0,0
7,7023,political_organization,Unknown,12,15,0.8532542996296297,24,27,0,6,2,19,4,13,5,0,3,0,0,0,2
7,Sudd Swamp  Wave AS Freight ,company,Country_271835,3,3,0.8514082099999999,6,6,0,0,1,5,1,2,1,0,0,2,0,0,0
7,60197861,organization,Unknown,3,1,0.8708061174999999,4,4,0,2,0,2,0,3,0,0,1,0,0,0,0
7,Randy Logan,person,Country_271835,5,3,0.92273177,9,8,0,4,3,1,1,0,2,3,2,0,0,0,0
7,ae16dd9b-0271-4699-91bc-0ce6b69357c6,location,Unknown,5,5,0.8458689080000001,11,10,1,5,0,4,1,1,1,1,4,1,1,0,0
7,Sikkim S.A. de C.V.,Uncategorized,Unknown,0,2,0.8084901,3,2,0,0,0,2,0,1,0,0,0,1,0,0,0
7,3129,organization,Unknown,11,1,0.8731247291666668,12,12,1,0,0,11,0,8,1,0,2,1,0,0,0
7,Ruben Fowler,person,Kethanor,5,6,0.8778121236363635,12,11,0,1,5,5,1,3,2,3,0,1,0,0,1
7,8bdf21e8-914b-4fe2-9280-0a69b9b0175d,location,Unknown,6,0,0.8677495516666666,7,6,1,5,0,0,0,1,2,3,0,0,0,0,0
7,Henry Lambert,person,Country_271835,6,0,0.950328275,7,6,0,0,3,3,0,1,1,3,0,1,0,0,0
7,d4947401-8ec7-48b9-a66f-45d983d59e0a,location,Unknown,2,35,0.8681636178378377,36,37,4,14,1,18,6,5,9,10,3,4,0,0,0
7,truck,vessel,Unknown,0,4,0.826086375,5,4,1,2,0,1,0,1,1,0,1,1,0,0,0
7,f402c1d2-8262-4bae-aa92-c8675a7006fc,location,Unknown,0,5,0.841602196,6,5,0,0,0,5,0,1,2,2,0,0,0,0,0
7,32,organization,Unknown,0,2,0.8498758,3,2,0,0,0,2,0,1,0,1,0,0,0,0,0
7,Aaron Bennett,person,Country_271835,5,2,0.8716842757142856,8,7,0,5,2,0,1,0,1,2,3,0,0,0,0
7,Tyler Anderson,person,Country_271835,6,0,0.8833573966666667,7,6,0,2,0,4,1,4,0,0,0,1,0,0,0
7,Dark Web Vendor Illegal Narcotics,Uncategorized,Unknown,1,1,0.860191375,3,2,1,1,0,0,0,0,1,0,1,0,0,0,0
7,Paul Johnson,person,Country_271835,1,3,0.84576513,4,4,0,3,1,0,0,1,0,1,0,2,0,0,0
7,d6d0741c-39d9-4b94-8b39-b5d2ad1669b9,location,Unknown,0,5,0.8523215860000001,6,5,0,4,1,0,0,0,0,3,1,1,0,0,0
7,70347729,organization,Unknown,0,1,0.9320338,2,1,0,1,0,0,0,0,0,1,0,0,0,0,0
7,3896,organization,Unknown,4,16,0.7364023279999999,21,20,7,1,1,11,1,10,3,3,1,1,0,0,1
7,Jeffrey Hall,person,Country_271835,2,1,0.8624139466666666,4,3,0,0,1,2,0,0,0,1,2,0,0,0,0
7,Lauren Reynolds,person,Country_271835,5,2,0.8902615314285713,7,7,0,2,3,2,0,2,0,3,0,2,0,0,0
7,Delhi ers AS Holdings,company,Country_271835,0,17,0.8678981247058823,18,17,4,8,2,3,0,3,4,7,1,2,0,0,0
7,8325,organization,Unknown,0,3,0.8190313966666666,4,3,0,1,0,2,0,1,0,1,0,1,0,0,0
7,672,organization,Unknown,5,11,0.79815695375,17,16,4,3,1,8,2,7,5,1,0,1,0,0,0
7,Mathew Taylor,person,Country_271835,3,6,0.9082582100000001,9,9,1,3,3,2,0,2,0,3,2,2,0,0,0
7,Talley√¢¬Ä¬ôs,vessel,Unknown,5,2,0.8591903771428572,8,7,0,0,2,5,0,4,1,1,1,0,0,0,0
7,7423,political_organization,Unknown,2,2,0.83351261,5,4,0,0,0,4,0,3,0,0,0,1,0,0,0
7,662bfccd-798d-4e60-b308-2cb2918e3dd2,location,Unknown,3,2,0.845909306,6,5,5,0,0,0,1,4,0,0,0,0,0,0,0
7,777,organization,Unknown,1,0,0.90094924,2,1,0,1,0,0,0,0,1,0,0,0,0,0,0
7,449820,organization,Unknown,4,0,0.8296621249999999,5,4,0,0,0,4,1,2,1,0,0,0,0,0,0
7,59662085,organization,Unknown,7,1,0.82591005625,8,8,0,5,0,3,0,2,2,0,1,3,0,0,0
7,34285153,organization,Unknown,0,2,0.8331677200000001,3,2,0,0,0,2,0,0,0,1,0,0,1,0,0
7,74026296,organization,Unknown,0,3,0.8295577533333334,4,3,0,0,0,3,0,1,1,0,0,1,0,0,0
7,14525ad3-213a-406d-8e3e-64213f0be171,location,Unknown,2,0,0.8177326,3,2,2,0,0,0,0,0,0,1,0,0,1,0,0
7,374585759,political_organization,Unknown,9,1,0.8285571239999999,10,10,0,1,0,9,0,5,2,0,1,2,0,0,0
7,33560,organization,Unknown,5,0,0.8389233199999999,6,5,5,0,0,0,1,3,0,0,1,0,0,0,0
7,The Salty Dog CJSC,Uncategorized,Unknown,3,3,0.861722265,7,6,0,2,0,4,0,2,0,2,0,1,1,0,0
7,Connor Ray,person,Country_271835,4,0,0.87485758,5,4,0,2,2,0,0,0,0,2,2,0,0,0,0
7,Robert Schaefer,person,Country_271835,1,0,0.8209209,2,1,0,0,1,0,1,0,0,0,0,0,0,0,0
8,Mark Weiss,person,Country_271835,9,2,0.8505206690909091,12,11,9,1,1,0,2,8,0,1,0,0,0,0,0
8,Cassandra Stanley,person,Country_271835,2,2,0.862448085,5,4,0,1,1,2,0,2,1,1,0,0,0,0,0
8,35829746,organization,Unknown,2,0,0.803534425,3,2,2,0,0,0,0,0,2,0,0,0,0,0,0
8,FishEye International,organization,Unknown,0,24,0.5671,24,24,1,0,0,23,4,5,15,0,0,0,0,0,0
8,Eugene Martin,person,Country_271835,1,1,0.84725904,2,2,0,1,0,1,0,2,0,0,0,0,0,0,0
8,40690,organization,Unknown,0,2,0.86211962,3,2,0,0,1,1,0,0,1,0,1,0,0,0,0
8,12,organization,Unknown,8,4,0.8227342558333334,13,12,4,6,0,2,1,7,0,4,0,0,0,0,0
8,79521144,organization,Unknown,11,9,0.855736087,20,20,0,11,3,6,3,6,2,8,0,0,1,0,0
8,b840c9bf-2a5b-416c-91d9-1ecdd96425ab,location,Unknown,4,0,0.8244292975,5,4,0,4,0,0,2,1,0,1,0,0,0,0,0
8,25875c2e-ff9a-4669-bad7-2c84bafb7515,location,Unknown,2,1,0.8649936666666665,4,3,0,0,0,3,1,0,0,1,1,0,0,0,0
8,Colton Olson,person,Country_271835,1,1,0.84035755,3,2,0,2,0,0,0,2,0,0,0,0,0,0,0
8,27,organization,Unknown,3,0,0.8186308166666666,4,3,3,0,0,0,0,1,0,2,0,0,0,0,0
8,√¢¬Ä¬úbroker√¢,Uncategorized,Unknown,1,2,0.8665163566666667,4,3,0,0,0,3,0,1,0,2,0,0,0,0,0
8,Amstel Inc,Uncategorized,Unknown,0,4,0.8682403925,5,4,4,0,0,0,0,2,2,0,0,0,0,0,0
8,Matthew Martin,person,Country_271835,2,0,0.859560845,3,2,0,0,0,2,0,0,0,0,2,0,0,0,0
8,Coral Reef Sagl Transport,Uncategorized,Unknown,0,2,0.87879151,3,2,2,0,0,0,0,1,1,0,0,0,0,0,0
8,Rajasthan GmbH & Co. KG,company,Country_271835,4,13,0.8588468535294117,17,17,2,9,2,4,2,5,3,3,4,0,0,0,0
8,Dr. Christina Jensen DDS,person,Country_271835,1,0,0.8308499,2,1,0,0,0,1,0,0,1,0,0,0,0,0,0
8,7209,organization,Unknown,1,2,0.8555150466666667,4,3,3,0,0,0,0,3,0,0,0,0,0,0,0
8,OceanKings Sailor Corp Logistics,Uncategorized,Unknown,4,3,0.8836918,8,7,0,0,2,5,1,2,3,0,1,0,0,0,0
8,Oceanfront Oasis Inc Carriers,Uncategorized,Unknown,4,0,0.7350099625,5,4,1,0,2,1,0,4,0,0,0,0,0,0,0
8,Tyler Jones,person,Country_271835,1,1,0.860492405,3,2,0,0,0,2,0,1,0,0,0,0,1,0,0
8,31368,organization,Unknown,5,2,0.85120787,8,7,2,4,1,0,0,3,3,1,0,0,0,0,0
8,31408,organization,Unknown,1,1,0.853237385,3,2,0,0,0,2,0,1,0,1,0,0,0,0,0
8,704138011,organization,Unknown,0,1,0.9014219,2,1,0,0,1,0,0,1,0,0,0,0,0,0,0
8,78590886,organization,Unknown,0,4,0.8592181675,5,4,4,0,0,0,0,4,0,0,0,0,0,0,0
8,492220197,organization,Unknown,3,0,0.9412770433333333,4,3,0,0,2,1,0,3,0,0,0,0,0,0,0
8,4eddaaa4-6306-467e-a7f4-27a58559e535,location,Unknown,3,0,0.85744284,4,3,0,3,0,0,1,1,0,1,0,0,0,0,0
8,Debit Cards Autopay,Uncategorized,Unknown,3,0,0.96519484,4,3,0,0,0,3,1,1,1,0,0,0,0,0,0
8,√¢¬Ä¬úGenev,Uncategorized,Unknown,2,0,0.52247545,3,2,1,0,0,1,0,2,0,0,0,0,0,0,0
8,Bu yu wang Plc Carriers,company,Osterivaria,1,2,0.8333763,4,3,0,3,0,0,1,0,0,1,1,0,0,0,0
8,C Express,Uncategorized,Unknown,2,0,0.88653875,3,2,1,0,0,1,0,1,1,0,0,0,0,0,0
8,e836e8c3-a45e-4225-870d-d3e8dbc62c26,location,Unknown,2,0,0.8761870199999999,3,2,0,0,2,0,0,1,1,0,0,0,0,0,0
8,198,organization,Unknown,0,4,0.83499721,5,4,1,3,0,0,1,2,0,1,0,0,0,0,0
8,2820033,organization,Unknown,1,11,0.8796119791666666,13,12,1,7,0,4,2,6,2,2,0,0,0,0,0
8,Lake Nyasa Ltd. Corporation,company,Country_271835,2,0,0.834149785,3,2,2,0,0,0,0,0,2,0,0,0,0,0,0
8,3868221,organization,Unknown,2,0,0.82673822,3,2,0,1,0,1,0,1,0,1,0,0,0,0,0
8,Turkish Sword Ltd Export,company,Country_271835,2,1,0.7793194200000001,4,3,2,0,0,1,1,1,0,1,0,0,0,0,0
8,Melanie Miller,person,Country_271835,2,0,0.8391940200000001,3,2,0,0,2,0,0,0,0,2,0,0,0,0,0
8,11353,organization,Unknown,1,3,0.8260925275,5,4,0,0,1,3,0,1,2,1,0,0,0,0,0
8,Madhya Pradesh Market Pic Transportation,company,Country_271835,0,2,0.85054135,3,2,0,0,2,0,1,0,0,0,1,0,0,0,0
8,Cab Incorportated,Uncategorized,Unknown,2,0,0.83567071,3,2,0,0,0,2,0,2,0,0,0,0,0,0,0
8,78135,organization,Unknown,5,2,0.8371436842857143,7,7,5,0,2,0,0,7,0,0,0,0,0,0,0
8,Emma Jones,person,Country_271835,4,0,0.8600995750000001,5,4,0,0,2,2,0,1,1,1,0,1,0,0,0
8,79139,organization,Unknown,4,3,0.8178894985714287,7,7,7,0,0,0,0,5,0,2,0,0,0,0,0
8,Logistics,Uncategorized,Unknown,1,1,0.85427495,3,2,0,0,0,2,0,1,0,1,0,0,0,0,0
8,Tamil Nadu Ltd. Liability Co Express,company,Country_271835,2,3,0.841664472,5,5,0,0,0,5,0,3,2,0,0,0,0,0,0
8,5810,organization,Unknown,5,0,0.8464464039999999,6,5,5,0,0,0,0,4,1,0,0,0,0,0,0
8,Conduct Joint,Uncategorized,Unknown,4,0,0.75067125,5,4,3,0,0,1,0,3,1,0,0,0,0,0,0
8,Timothy Allen,person,Country_271835,0,4,0.82153981,5,4,3,0,1,0,0,3,0,1,0,0,0,0,0
8,Albert Thomas,person,Country_19028,0,3,0.8576841566666668,4,3,0,0,1,2,0,2,0,1,0,0,0,0,0
8,Brett Blair,person,Oceanus,0,5,0.8356356500000001,6,5,0,5,0,0,2,1,0,0,2,0,0,0,0
8,9768,organization,Unknown,3,0,0.9022629466666666,4,3,0,3,0,0,0,2,0,1,0,0,0,0,0
8,Ronald,Uncategorized,Unknown,0,1,0.8481775,2,1,1,0,0,0,0,0,1,0,0,0,0,0,0
8,Mar de la Costa Ges.m.b.H.,Uncategorized,Unknown,2,0,0.9117757200000001,3,2,0,0,2,0,0,0,2,0,0,0,0,0,0
8,77bfcfcd-af2c-4b58-8a99-871a6c6109f2,location,Unknown,0,2,0.859146235,3,2,0,0,0,2,0,0,0,1,1,0,0,0,0
8,Farmers,Uncategorized,Unknown,0,2,0.8260576850000001,3,2,1,0,0,1,1,0,1,0,0,0,0,0,0
8,Michael Smith,person,Country_271835,0,4,0.8210782974999999,5,4,3,0,1,0,0,3,0,1,0,0,0,0,0
8,353257,organization,Unknown,1,3,0.8603318325,5,4,0,0,2,2,0,3,1,0,0,0,0,0,0
8,√¢¬Ä¬úHelp√¢,Uncategorized,Unknown,4,0,0.9069861075,5,4,4,0,0,0,0,1,2,1,0,0,0,0,0
8,motor,vessel,Unknown,2,0,0.861830175,3,2,0,0,0,2,0,1,0,1,0,0,0,0,0
